{
  "Author": "That one kid",
  "Compatibility": "Unplayable",
  "CompatibilityExplanation": "The way it handles time limit isn't suitable for Zen mode or Time mode.",
  "DefuserDifficulty": "Medium",
  "Description": "Figure out the right time to press a button again, and again, and again... Tags: button, time, pseudo-needy, displays, repeat",
  "ExpertDifficulty": "Hard",
  "ModuleID": "repeatAgain",
  "Name": "Again",
  "Origin": "Mods",
  "Published": "2022-02-22",
  "Quirks": "WillSolveSuddenly, PseudoNeedy, TimeDependent",
  "SortKey": "AGAIN",
  "SourceUrl": "https://github.com/Kbushra/ktaneRepeatAgain",
  "SteamID": "2761754312",
  "Symbol": "Agn",
  "Type": "Regular"
}